StopId,Code,Name,StopType,Zone,Ward,AddressNo,Street,SupportDisability,Status,Lng,Lat,Search,Routes_Outbound,Routes_Inbound,Total_Routes,Both_Directions,HasSupport
1888,QBT 063,Tân Kỳ Tân Quý,Ô sơn,Quận Bình Tân,Phường Bình Hưng Hoà A,813,Quốc lộ 1A,No,Đang khai thác,106.595519,10.788855,TKTQ 813 Ql1A,151,,1,No,False
7814,Q2 113,Đường Đồng Văn Cống,Trụ dừng,TP. Thủ Đức - KV1,Phường An Phú,Cây xanh 760,Mai Chí Thọ,No,Đang khai thác,106.751516,10.789642,DDVC Cx760 MCT,99,,1,No,False
838,Q7 098,Cầu Thầy Tiêu,Nhà chờ,Quận 7,,Trung tâm truyền hình cáp,Nguyễn Văn Linh,No,Đang khai thác,106.714829,10.728375,CTT Ttthc NVL,,102,1,No,False
638,HBC 364,Dương Đình Cúc,Trụ dừng,Huyện Bình Chánh,Xã Tân Kiên,C3/4,Quốc lộ 1A,No,Đang khai thác,106.598089,10.70706,DDC C Ql1A,"9, 84",102,3,Yes,False
1615,BX34,Bến xe buýt Hiệp Thành,Bến xe,Quận 12,,BẾN XE BUÝT HIỆP THÀNH,Hiệp Thành 17,No,Đang khai thác,106.641739,10.877756,BxbHT BXBHT HT17,146,146,2,Yes,False
394,BX73,Đại học Nông Lâm,Bến xe,TP. Thủ Đức - KV3,,Bến xe buýt ĐH Nông Lâm,Quốc lộ 1,No,Đang khai thác,106.78744506835938,10.868183135986328,DhNL BxbDNL Ql1,6,6,2,Yes,False
375,Q3 105,Sân Phan Đình Phùng,Nhà chờ,Quận 3,,8,Võ Văn Tần,Có,Đang khai thác,106.694402,10.781172,SPDP 8 VVT,,6,1,No,True
1383,HCC 042,Nhà thiếu nhi Củ Chi,Nhà chờ,Huyện Củ Chi,Xã Tân Thông Hội,Nhà thiếu nhi Củ Chi,Quốc lộ 22,Có,Đang khai thác,106.505027,10.959204,NtnCC NtnCC Ql22,,74,1,No,True
439,Q5 026,Đại học Y Dược,Nhà chờ,Quận 5,,217,Hồng Bàng,No,Đang khai thác,106.663191,10.75536,DhYD 217 HB,6,,1,No,False
4130,Q9 165,Ngã ba Tam Đa,Trụ dừng,TP. Thủ Đức - KV2,Phường Long Trường,1610-1612,Nguyễn Duy Trinh,No,Đang khai thác,106.826604,10.807619,NbTD 1610-1612 NDT,88,,1,No,False
3125,HBC 203,Đường liên Ấp 1-2,Trụ dừng,Huyện Bình Chánh,Xã Phạm Văn Hai,A8/240A,Quốc lộ 50,No,Đang khai thác,106.651658,10.663001,DlA1-2 A Ql50,,47,1,No,False
3438,HBC 290,Hoàng My,Trụ dừng,Huyện Bình Chánh,Xã Lê Minh Xuân,Đối diện 3A13,Tỉnh lộ 10 Bình Chánh,No,Đang khai thác,106.527101,10.782816,HM Dd3A13 Tl10BC,,81,1,No,False
999,QTB 109,Trần Quốc Hoàn,Nhà chờ,Quận Tân Bình,,65,Trần Quốc Hoàn,No,Đang khai thác,106.663925,10.803644,TQH 65 TQH,,103,1,No,False
584,QTD 155,Cá sấu Hoa Cà,Nhà chờ,TP. Thủ Đức - KV3,Phường Hiệp Bình Chánh,Trụ chiếu sáng B194,Phạm Văn Đồng,Có,Đang khai thác,106.727916,10.833634,CsHC TcsB PVD,,93,1,No,True
2139,HNB 014,Chùa Bà Châu Đốc 2,Trụ dừng,Huyện Nhà Bè,Xã Phú Xuân,2864,Huỳnh Tấn Phát,No,Đang khai thác,106.76268,10.674752,CBCD2 2864 HTP,20,,1,No,False
696,HBC 272,Bờ Kinh,Trụ dừng,Huyện Bình Chánh,Xã Bình Chánh,Đ/d C13/42D (Đối diện C13/41),Đinh Đức Thiện,No,Đang khai thác,106.576663,10.660903,BK DC(dC DDT,,9,1,No,False
4120,Q9 251,Chùa Kim Linh,Ô sơn,TP. Thủ Đức - KV2,,253,Tăng Nhơn Phú,No,Đang khai thác,106.781557,10.834607,CKL 253 TNP,,99,1,No,False
1766,QGV 019,Bãi hậu cần số 1,Nhà chờ,Quận Gò Vấp,,439,Phan Văn Trị,No,Đang khai thác,106.692106,10.823537,Bhcs1 439 PVT,,161,1,No,False
1305,HHM 034,Ngã 3 Hồng Châu,Trụ dừng,Huyện Hóc Môn,Xã Tân Thới Nhì,28/5 (số cũ 2/63),Quốc lộ 22,No,Đang khai thác,106.576191,10.899733,N3HC 28/5(c2/63) Ql22,74,,1,No,False
1619,QTP 144,Ngã 4 Hòa Bình,Trụ dừng,Quận Tân Phú,Phường Hoà Thạnh,126,Hòa Bình,No,Đang khai thác,106.632839,10.77001,N4HB 126 HB,"62, 69",,2,No,False
1923,QBT 074,Vĩ Phong,Trụ dừng,Quận Bình Tân,Phường Bình Hưng Hoà B,136,Quốc lộ 1A,No,Đang khai thác,106.60202,10.821082,VP 136 Ql1A,,151,1,No,False
876,HBC 007,Quốc lộ 50,Trụ dừng,Huyện Bình Chánh,,Cột đèn 138,Nguyễn Văn Linh,No,Đang khai thác,106.656861,10.720896,Ql50 Cd138 NVL,102,,1,No,False
1791,QBT 087,Nhà sách Tân Tạo,Trụ dừng,Quận Bình Tân,Phường Tân Tạo,1024,Quốc lộ 1A,No,Đang khai thác,106.591492,10.758026,NsTT 1024 Ql1A,,151,1,No,False
1491,QTD 049,Chợ Tam Hà,Biển treo,TP. Thủ Đức - KV3,,351-353,Tô Ngọc Vân,No,Đang khai thác,106.747761,10.859586,CTH 351-353 TNV,,141,1,No,False
209,QGV 112,Cầu An Lộc,Trụ dừng,Quận Gò Vấp,,523-525,Nguyễn Oanh,No,Đang khai thác,106.678539,10.848838,CAL 523-525 NO,,161,1,No,False
2922,QTP 057,Lê Đình Thám,Trụ dừng,Quận Tân Phú,,94,Cầu Xéo,No,Đang khai thác,106.623749,10.796659,LDT 94 CX,,41,1,No,False
1127,HNB 049,Bệnh viện Nhân Tâm,Trụ dừng,Huyện Nhà Bè,,Kế 205 (155),Nguyễn Văn Tạo,No,Đang khai thác,106.729415,10.653391,BvNT K205( NVT,,72,1,No,False
4059,Q9 152,Công ty Thành Công,Trụ dừng,TP. Thủ Đức - KV2,,765,Nguyễn Duy Trinh,No,Đang khai thác,106.784459,10.790662,CtTC 765 NDT,,88,1,No,False
140,QBT 010,Kinh Dương Vương,Trụ dừng,Quận Bình Tân,Phường An Lạc,7,Kinh Dương Vương,No,Đang khai thác,106.623162,10.744919,KDV 7 KDV,,"9, 61, 84",3,No,False
3908,HBC 319,Kênh 2,Trụ dừng,Huyện Bình Chánh,Xã Bình Lợi,Đ/d C5/178A (Đối diện Kênh 2),"Vườn Thơm, Bình Chánh",No,Đang khai thác,106.485704,10.75614,K2 DC(dK2) VTBC,,81,1,No,False
3346,HBC 067,Phòng khám Đa khoa Lê Minh Xuân,Trụ dừng,Huyện Bình Chánh,,Cột điện T207T (Đối diện G16/12),Trần Đại Nghĩa,No,Đang khai thác,106.554052,10.736776,PkDkLMX CdT(dG TDN,,61,1,No,False
3416,Q12 151,Trường Phan Bội Châu,Trụ dừng,Quận 12,,401,Nguyễn Văn Quá,No,Đang khai thác,106.629535,10.838375,TPBC 401 NVQ,,62,1,No,False
3071,Q4 039,Tôn Đản,Trụ dừng,Quận 4,,322-324A,Tôn Đản,No,Đang khai thác,106.705711,10.7551,TD 322-324A TD,,44,1,No,False
3060,QBTH 037,Chợ Văn Thánh,Trụ dừng,Quận Bình Thạnh,,57-59,Nguyễn Văn Thương,No,Đang khai thác,106.718831,10.801533,CVT 57-59 NVT,,44,1,No,False
7153,HBC 463,Chùa Pháp Tịnh,Trụ dừng,Huyện Bình Chánh,Thị trấn Tân Túc,Đối diện Đ15/20A,Nguyễn Cửu Phú,Có,Đang khai thác,106.580096,10.700914,CPT DdD NCP,,73,1,No,True
1089,HNB 062,Chùa Phước Linh,Trụ dừng,Huyện Nhà Bè,,Cột điện 141P,Nguyễn Văn Tạo,No,Đang khai thác,106.739983,10.609535,CPL Cd141P NVT,72,,1,No,False
1505,Q9 242,Ngã 3 Nghêu sò,Trụ dừng,TP. Thủ Đức - KV2,,CX3,Làng Tăng Phú,No,Đang khai thác,106.798767,10.845685,N3Ns C LTP,,"76, 141",2,No,False
3640,HCC 005,Nhà thờ Bắc Đoàn,Trụ dừng,Huyện Củ Chi,Xã Tân Phú Trung,Kế 254,Quốc lộ 22,No,Đang khai thác,106.543425,10.937979,NtBD K254 Ql22,74,,1,No,False
2134,Q7 018,Hoàng Quốc Việt,Trụ dừng,Quận 7,Phường Phú Mỹ,1312,Huỳnh Tấn Phát,No,Đang khai thác,106.736813,10.714782,HQV 1312 HTP,20,,1,No,False
3308,HBC 132,Cổng 3,Trụ dừng,Huyện Bình Chánh,,Cột điện 28BT (G13/27B),Láng Le bàu Cò,No,Đang khai thác,106.54567,10.759123,C3 Cd28BT( LLbC,,73,1,No,False
1158,HHM 026,Ngã 3 Bùi Môn,Ô sơn,Huyện Hóc Môn,,1/1,Quốc lộ 22,No,Đang khai thác,106.597075,10.870075,N3BM 1/1 Ql22,74,,1,No,False
1483,QTD 038,Nhà hàng Song Sinh,Trụ dừng,TP. Thủ Đức - KV3,,1101-1103,Tỉnh lộ 43,No,Đang khai thác,106.728734,10.884615,NhSS 1101-1103 Tl43,,141,1,No,False
8193,TPTĐ 269,Khu nhà ở công nhân Lilama 18,Trụ dừng,TP. Thủ Đức - KV2,Phường Phước Long B,108,Dương Đình Hội,Có,Đang khai thác,106.77967,10.82169,KnocnL18 108 DDH,57,,1,No,True
3324,QBT 274,Đường số 1,Trụ dừng,Quận Bình Tân,,74,Trần Đại Nghĩa,No,Đang khai thác,106.597107,10.724396,Ds1 74 TDN,61,,1,No,False
409,QTD 063,Tu viện Quảng Đức,Trụ dừng,TP. Thủ Đức - KV3,Phường Bình Thọ,Tu viện Quảng Đức,Đặng Văn Bi,No,Đang khai thác,106.766338,10.839349,TvQD TvQD DVB,,"6, 29",2,No,False
4086,BX 11,Khu dân cư Thạnh Mỹ Lợi,Bến xe,TP. Thủ Đức - KV1,,Chợ Thạnh Mỹ Lợi,Thạnh Mỹ Nam,No,Đang khai thác,106.770614,10.770601,KdcTML CTML TMN,99,99,2,Yes,False
1406,Q10 035,Ngã sáu Cộng Hòa,Nhà chờ,Quận 10,,Đối diện 30-32,Lý Thái Tổ,No,Đang khai thác,106.680449,10.76571,NsCH Dd30-32 LTT,,69,1,No,False
4019,BX27,Chợ Long Phước,Bến xe,TP. Thủ Đức - KV2,,ĐẦU BẾN CHỢ LONG PHƯỚC,Long Phước,No,Đang khai thác,106.85936,10.808298,CLP DBCLP LP,88,88,2,Yes,False
681,HBC 231,Ấp 2,Trụ dừng,Huyện Bình Chánh,,C5/31D,Hương Lộ 11,No,Đang khai thác,106.626177,10.649242,A2 C HL11,,9,1,No,False
2205,QTB 072,Chợ Võ Thành Trang,Nhà chờ,Quận Tân Bình,,510,Trường Chinh,No,Đang khai thác,106.637823,10.801365,CVTT 510 TC,65,,1,No,False
4158,HBC 224,Phạm Tấn Mười,Ô sơn,Huyện Bình Chánh,Xã Quy Đức,D1/14 (Kế 1/30B),Hương Lộ 11,No,Đang khai thác,106.650649,10.636067,PTM D(1/30B) HL11,47,,1,No,False
2185,Q7 037,Trường Nguyễn Hữu Cảnh,Trụ dừng,Quận 7,Phường Tân Thuận Đông,571,Huỳnh Tấn Phát,No,Đang khai thác,106.729796,10.742621,TNHC 571 HTP,,20,1,No,False
1756,QGV 139,Ngã sáu Gò Vấp,Trụ dừng,Quận Gò Vấp,,159,Nguyễn Văn Lượng,No,Đang khai thác,106.674564,10.838475,NsGV 159 NVL,,146,1,No,False
1007,Q10 062,Ngân hàng Quân Đội,Trụ dừng,Quận 10,,136,Tô Hiến Thành,No,Đang khai thác,106.662819,10.775531,NhQD 136 THT,69,103,2,Yes,False
7266,Q1 180,Trạm Trung chuyển trên đường Hàm Nghi,Nhà chờ,Quận 1,Phường Nguyễn Thái Bình,Hàm Nghi 7,Hàm Nghi,Có,Đang khai thác,106.700807,10.770896,TTctdHN HN7 HN,"4, 88",1,3,Yes,True
3631,HNB 099,Bình Xuyên 2,Ô sơn,Huyện Nhà Bè,Xã Phước Kiển,92,Nguyễn Hữu Thọ,No,Đang khai thác,106.713193,10.704076,BX2 92 NHT,,72,1,No,False
3133,HBC 211,Trạm xăng Kim Quang,Ô sơn,Huyện Bình Chánh,,E8/212M,Quốc lộ 50,No,Đang khai thác,106.654978,10.695548,TxKQ E Ql50,,47,1,No,False
366,QBTH 010,Chợ Hàng Xanh,Trụ dừng,Quận Bình Thạnh,,39,Bạch Đằng,No,Đang khai thác,106.710511,10.802793,CHX 39 BD,,"146, 161",2,No,False
872,Q7 090,Sky Garden,Trụ dừng,Quận 7,,1048 (Kế siêu thị Fivimart),Nguyễn Văn Linh,No,Đang khai thác,106.7049,10.729234,SG 1048(stF NVL,102,,1,No,False
2159,HBC 076,Bùi Thanh Khiết,Ô sơn,Huyện Bình Chánh,,C1/2C,Bùi Thanh Khiết,No,Đang khai thác,106.574442,10.690208,BTK C BTK,,73,1,No,False
816,HBC 028,Kim Hằng,Trụ dừng,Huyện Bình Chánh,,Cột điện T120P (Cột điện 240),Nguyễn Văn Linh,No,Đang khai thác,106.631413,10.700144,KH CdT(d240) NVL,,102,1,No,False
2742,QGV 060,Nhà thờ Nữ Vương Hòa Bình,Trụ dừng,Quận Gò Vấp,,1410 (408),Lê Đức Thọ,No,Đang khai thác,106.654528,10.856419,NtNVHB 1410( LDT,103,,1,No,False
3781,QBT 167,nhà thờ Họ Trịnh,Nhà chờ,Quận Bình Tân,,4341,Nguyễn Cửu Phú,No,Đang khai thác,106.581207,10.734889,ntHT 4341 NCP,,73,1,No,False
639,HBC 365,Nguyễn Hữu Trí,Trụ dừng,Huyện Bình Chánh,Thị trấn Tân Túc,Kế E9/21,Quốc lộ 1A,No,Đang khai thác,106.596415,10.696112,NHT KE Ql1A,9,102,2,Yes,False
3744,Q9 060,Nghĩa trang liệt sĩ Tp.HCM,Nhà chờ,TP. Thủ Đức - KV2,Phường Tân Phú,Đối diện 28,D400,No,Đang khai thác,106.809345,10.871408,NtlsT Dd28 D,,"76, 93",2,No,False
3898,HBC 309,Kênh 8,Trụ dừng,Huyện Bình Chánh,Xã Bình Lợi,C11/423/1,"Vườn Thơm, Bình Chánh",No,Đang khai thác,106.503096,10.769778,K8 C VTBC,81,,1,No,False
7875,TPTĐ 007,Tòa nhà River Garden,Trụ dừng,TP. Thủ Đức - KV1,Phường Thảo Điền,Giữa chung cư River Garden,Nguyễn Văn Hưởng,Có,Đang khai thác,106.727113,10.81534,TnRG GccRG NVH,153,,1,No,True
658,HBC 252,Chợ Hưng Long,Trụ dừng,Huyện Bình Chánh,,D16/34 - D16/39,Hương Lộ 11,No,Đang khai thác,106.606822,10.658847,CHL D-D HL11,9,,1,No,False
3708,Q9  122,Ngã 3 Lò Lu,Ô sơn,TP. Thủ Đức - KV2,,35,Lò Lu,No,Đang khai thác,106.808717,10.824618,N3LL 35 LL,76,,1,No,False
1926,HHM 017,Trạm măng,Trụ dừng,Huyện Hóc Môn,Xã Bà Điểm,41/1B,Quốc lộ 1A,No,Đang khai thác,106.612535,10.840398,Tm 41/1B Ql1A,,151,1,No,False
721,Q6 041,Trường Nguyễn Đức Cảnh,Nhà chờ,Quận 6,,799,Hồng Bàng,No,Đang khai thác,106.643761,10.754021,TNDC 799 HB,,"9, 81, 84",3,No,False
173,QTP 011,Trạm KCN Tân Bình,Nhà chờ,Quận Tân Phú,Phường Tây Thạnh,881,Trường Chinh,Có,Đang khai thác,106.630615,10.819386,TKTB 881 TC,,"4, 62, 65",3,No,True
1806,QBT 259,Ngã 3 Lê Văn Quới,Trụ dừng,Quận Bình Tân,Phường Bình Trị Đông A,527,Lê Văn Qưới,No,Đang khai thác,106.602799,10.776324,N3LVQ 527 LVQ,41,,1,No,False
4011,Q9 169,Trường Long Trường,Trụ dừng,TP. Thủ Đức - KV2,,1136 - 1142,Nguyễn Duy Trinh,No,Đang khai thác,106.811668,10.801476,TLT 1136-1142 NDT,88,,1,No,False
1058,HNB 003,Công an Thị trấn Nhà Bè,Trụ dừng,Huyện Nhà Bè,Thị trấn Nhà Bè,242 (42/7),Huỳnh Tấn Phát,No,Đang khai thác,106.739666,10.695869,CaTtNB 242( HTP,20,,1,No,False
4098,Q9 263,Đường cầu xây,Ô sơn,TP. Thủ Đức - KV2,Phường Long Thạnh Mỹ,54A-56 (58),Hoàng Hữu Nam,No,Đang khai thác,106.813675,10.854681,Dcx 54A-56( HHN,99,,1,No,False
3748,Q9 144,Ngã 3 Lê Văn Việt,Trụ dừng,TP. Thủ Đức - KV2,Phường Tăng Nhơn Phú A,28A,Man Thiện,No,Đang khai thác,106.786761,10.846004,N3LVV 28A MT,,76,1,No,False
830,HBC 038,Sân bóng mi ni,Trụ dừng,Huyện Bình Chánh,,Cột điện T288P (Cột điện 76),Nguyễn Văn Linh,No,Đang khai thác,106.673234,10.727321,Sbmn CdT(d76) NVL,,102,1,No,False
7946,TPTĐ 078,Chung cư Phố Đông,Trụ dừng,TP. Thủ Đức - KV2,Phường Phước Long B,Đối diện 38,Đường D6,Có,Đang khai thác,106.784414,10.808989,CcPD Dd38 DD,29,,1,No,True
2143,QTD 186,Công ty Nissan,Ô sơn,TP. Thủ Đức - KV3,,Đối diện công ty Nissan (559),Quốc lộ 1,No,Đang khai thác,106.768248,10.872419,CtN DdctN( Ql1,,93,1,No,False
8154,TPTĐ 135,Ga An Phú,Nhà chờ,TP. Thủ Đức - KV1,Phường An Phú,159,Võ Nguyên Giáp,Có,Đang khai thác,106.741589,10.801817,GAP 159 VNG,,"6, 153",2,No,True
2907,QBT 271,Quán cơm ,Trụ dừng,Quận Bình Tân,Phường Bình Trị Đông B,706 (số mới 641),Tên Lửa,No,Đang khai thác,106.606141,10.755802,Qc 706(m641) TL,41,,1,No,False
485,Q9 212,Trạm xây dựng,Nhà chờ,TP. Thủ Đức - KV2,Phường Phước Long A,354A,Võ Nguyên Giáp,No,Đang khai thác,106.76312,10.829955,Txd 354A VNG,6,,1,No,False
2479,BX77,Chợ nông sản Thủ Đức,Bến xe,TP. Thủ Đức - KV3,,ĐẦU BẾN CHỢ NÔNG SẢN THỦ ĐỨC,Quốc lộ 1,No,Đang khai thác,106.72943115234376,10.868857383728027,CnsTD DBCNSTD Ql1,29,29,2,Yes,False
3580,Q11 057,Chợ Chim Xanh,Trụ dừng,Quận 11,,133E,Bình Thới,No,Đang khai thác,106.647903,10.766184,CCX 133E BT,,69,1,No,False
606,QTB 066,Cây xăng Đôi,Trụ dừng,Quận Tân Bình,,23,Xuân Hồng,No,Đang khai thác,106.652184,10.794256,CxD 23 XH,65,103,2,Yes,False
2005,QTP 063,Trạm Bờ Bao Tân Thắng,Trụ dừng,Quận Tân Phú,Phường Tây Thạnh,284,Lê Trọng Tấn,No,Đang khai thác,106.622177,10.807464,TBBTT 284 LTT,"41, 69",,2,No,False
1399,Q10 086,Chùa Bửu Đà,Trụ dừng,Quận 10,,427,Cách Mạng Tháng Tám,No,Đang khai thác,106.675063,10.78124,CBD 427 CMTT,,65,1,No,False
1648,QBTH 096,Trường TH Nguyễn Đình Chiểu,Trụ dừng,Quận Bình Thạnh,,22-24,Lê Quang Định,No,Đang khai thác,106.698409,10.803546,TTNDC 22-24 LQD,146,,1,No,False
3654,HCC 046,Ngã tư Quán đôi,Trụ dừng,Huyện Củ Chi,Xã Tân Thông Hội,97,Quốc lộ 22,No,Đang khai thác,106.522923,10.947954,NtQd 97 Ql22,,74,1,No,False
3933,BX 88,Tân Túc,Bến xe,Huyện Bình Chánh,,Điểm Đầu - Cuối Tân Túc,Nguyễn Hữu Trí,No,Đang khai thác,106.551528,10.684682,TT DD-CTT NHT,84,84,2,Yes,False
4748,QTB 156,Ngã ba Kênh Nhật Bản - Hồng Hà,Nhà chờ,Quận Tân Bình,Phường 01,Giữa công viên Gia Định,Hồng Hà,Có,Đang khai thác,106.674371,10.813732,NbKNB-HH GcvGD HH,103,,1,No,True
1125,HNB 053,Cầu Hiệp Phước,Trụ dừng,Huyện Nhà Bè,,78/4,Nguyễn Văn Tạo,No,Đang khai thác,106.735364,10.634638,CHP 78/4 NVT,,72,1,No,False
7073,HNB 129,Cầu Phước Kiểng,Trụ dừng,Huyện Nhà Bè,Xã Phước Kiển,Trụ đèn 17,Nguyễn Hữu Thọ,Có,Đang khai thác,106.72279,10.677757,CPK Td17 NHT,,72,1,No,True
3570,QTP 046,Trạm Nguyễn Văn Tố,Trụ dừng,Quận Tân Phú,Phường Phú Thọ Hoà,125-127,Vườn Lài,No,Đang khai thác,106.632668,10.787796,TNVT 125-127 VL,,69,1,No,False
937,Q12 110,Cây xăng Thạnh Xuân,Trụ dừng,Quận 12,,Cây xăng Thạnh Xuân,Quốc lộ 1A,No,Đang khai thác,106.671882,10.861577,CxTX CxTX Ql1A,103,161,2,Yes,False
493,QTD 070,Ngã ba Chương Dương,Trụ dừng,TP. Thủ Đức - KV3,Phường Bình Thọ,120,Võ Văn Ngân,No,Đang khai thác,106.760931,10.850419,NbCD 120 VVN,6,"57, 141",3,Yes,False
725,BX 46,Bến xe Miền Tây,Bến xe,Quận Bình Tân,,Bến xe Miền Tây,Kinh Dương Vương,No,Đang khai thác,106.619438,10.739486,BxMT BxMT KDV,"41, 102, 151","41, 102, 151",6,Yes,False
3660,HCC 053,Bệnh viện Xuyên Á,Nhà chờ,Huyện Củ Chi,Xã Tân Phú Trung,Đối diện cây xăng Ngọc Sương,Quốc lộ 22,No,Đang khai thác,106.557201,10.926381,BvXA DdcxNS Ql22,,74,1,No,False
374,Q1 099,Đài truyền hình,Nhà chờ,Quận 1,,Đối diện 9,Nguyễn Thị Minh Khai,No,Đang khai thác,106.702011,10.787157,Dth Dd9 NTMK,,6,1,No,False
499,Q8 074,Cầu Nhị Thiên Đường,Trụ dừng,Quận 8,,81,Quốc lộ 50,No,Đang khai thác,106.656427,10.738769,CNTD 81 Ql50,62,47,2,Yes,False
925,QGV 161,City Mart,Trụ dừng,Quận Gò Vấp,,628A,Quang Trung,No,Đang khai thác,106.66104,10.835888,CM 628A QT,103,,1,No,False
3760,Q9 204,Long Thuận-Nguyễn Xiển,Trụ dừng,TP. Thủ Đức - KV2,Phường Long Thạnh Mỹ,25,Nguyễn Xiển,No,Đang khai thác,106.833732,10.815107,LTX 25 NX,,76,1,No,False
3311,HBC 302,Trường Trung học cơ sở Lê Minh Xuân,Trụ dừng,Huyện Bình Chánh,Xã Lê Minh Xuân,G8/1,Trần Văn Giàu,No,Đang khai thác,106.56057,10.766068,TThcsLMX G TVG,,"73, 81",2,No,False
4768,Q6 010,Y tế Dự phòng,Trụ dừng,Quận 6,Phường 01,171-173,Bà Hom,Có,Đang khai thác,106.628441,10.755101,YtDp 171-173 BH,,81,1,No,True
1311,HCC 017,Cầu vượt Củ Chi,Trụ dừng,Huyện Củ Chi,Thị trấn Củ Chi,734,Quốc lộ 22,No,Đang khai thác,106.488319,10.96765,CvCC 734 Ql22,74,,1,No,False
883,HBC 016,Cầu Cần Giuộc,Trụ dừng,Huyện Bình Chánh,,Cột đèn 249,Nguyễn Văn Linh,No,Đang khai thác,106.61828,10.696855,CCG Cd249 NVL,102,,1,No,False
4172,Q2 069,Bệnh viện Quận 2,Nhà chờ,TP. Thủ Đức - KV1,,145,Lê Văn Thịnh,No,Đang khai thác,106.76953,10.78201,BvQ2 145 LVT,29,,1,No,False
7607,QBT 302,Ủy ban nhân dân Bình Hưng Hòa B,Ô sơn,Quận Bình Tân,Phường Bình Hưng Hoà B,Trụ chiếu sáng 4 (Đối diện Ốc Quyên 2),Đường số 3,Có,Đang khai thác,106.593674,10.813863,?bndBHHB Tcs4(d?Q2) Ds3,69,,1,No,True
3722,HBC 072,Pomina Bắc Việt,Ô sơn,Huyện Bình Chánh,,C4/20C,Bùi Thanh Khiết,No,Đang khai thác,106.580215,10.675052,PBV C BTK,73,,1,No,False
1795,QBT 092,Công an Quận Bình Tân,Trụ dừng,Quận Bình Tân,,1054 (Quán ăn Xa lộ),Quốc lộ 1A,No,Đang khai thác,106.602081,10.736204,CaQBT 1054(aXl Ql1A,,151,1,No,False
465,Q5 006,Bệnh viện Nguyễn Tri Phương,Trụ dừng,Quận 5,,119-121,An Dương Vương,No,Đang khai thác,106.670492,10.756714,BvNTP 119-121 ADV,6,,1,No,False
3991,Q2 005,Cầu Ông Tranh,Trụ dừng,TP. Thủ Đức - KV1,,Cột điện UEB33,Lương Định Của,No,Đang khai thác,106.741667,10.790099,COT CdU LDC,88,,1,No,False
531,QTD 126,Trường Cao đẳng Vinatex,Ô sơn,TP. Thủ Đức - KV3,,580,Kha Vạn Cân,No,Tạm ngưng khai thác,106.744022,10.840767,TCdV 580 KVC,93,57,2,Yes,False
1657,QGV 053,Trường Văn Thư lưu trữ,Trụ dừng,Quận Gò Vấp,,194,Lê Đức Thọ,No,Đang khai thác,106.680894,10.837015,TVTlt 194 LDT,"146, 161",,2,No,False
668,HBC 263,Nguyễn Văn Thời,Ô sơn,Huyện Bình Chánh,Xã Quy Đức,Trụ điện 142B,Hương Lộ 11,No,Không có,106.641948,10.640617,NVT Td142B HL11,9,,1,No,False
4112,BX90,Bến Xe Buýt ÐH Quốc Gia,Bến xe,TP. Thủ Đức - KV3,,Bến xe buýt Khu B - ĐH Quốc Gia,Đường nội bộ Đại học Quốc gia,No,Đang khai thác,106.77871704101562,10.884156227111816,BXBÐQG BxbKB-DQG DnbDhQg,99,99,2,Yes,False
2467,BX 10,Đường A1 (Phà Cát Lái),Bến xe,TP. Thủ Đức - KV1,,PHÀ CÁT LÁI,Đường A,No,Đang khai thác,106.782669,10.762,DA(CL PCL DA,29,29,2,Yes,False
292,Q1 091,Sở Y Tế,Nhà chờ,Quận 1,,Đối diện 214-216,Nguyễn Thị Minh Khai,No,Đang khai thác,106.690158,10.774179,SYT Dd214-216 NTMK,6,,1,No,False
4104,Q9 274,Trạm Y tế phường Tân Phú,Ô sơn,TP. Thủ Đức - KV2,Phường Tân Phú,51,Nam Cao,No,Đang khai thác,106.799408,10.860397,TYtpTP 51 NC,99,,1,No,False
4050,Q9 158,Cầu Huyện Thanh,Trụ dừng,TP. Thủ Đức - KV2,,180A (Kế 981C),Nguyễn Duy Trinh,No,Đang khai thác,106.804233,10.792222,CHT 180A(981C) NDT,,88,1,No,False
7253,Q12 206,Bia Heniken Việt Nam,Trụ dừng,Quận 12,Phường An Phú Đông,Bia Heniken Việt Nam,Lê Thị Riêng,Có,Đang khai thác,106.654329,10.868942,BHVN BHVN LTR,,146,1,No,True
1062,HNB 008,Đào Tông Nguyên,Nhà chờ,Huyện Nhà Bè,Xã Phú Xuân,Đối diện 23/5,Huỳnh Tấn Phát,No,Đang khai thác,106.746764,10.682021,DTN Dd23/5 HTP,20,,1,No,False
1566,QBT 211,Bình Long,Trụ dừng,Quận Bình Tân,Phường Bình Hưng Hoà A,105,Bình Long,No,Đang khai thác,106.620405,10.779433,BL 105 BL,,41,1,No,False
701,HBC 382,Trịnh Như Khuê,Trụ dừng,Huyện Bình Chánh,Xã An Phú Tây,D10/6B,Quốc lộ 1A,No,Đang khai thác,106.576663,10.670197,TNK D Ql1A,73,9,2,Yes,False
2759,QGV 028,Trường Đại học Hồng Bàng,Trụ dừng,Quận Gò Vấp,,429,Thống Nhất,No,Đang khai thác,106.664661,10.844581,TDhHB 429 TN,,146,1,No,False
896,Q11 082,Trạm Trần Quý - Tạ Uyên,Trụ dừng,Quận 11,,114,Tạ Uyên,No,Đang khai thác,106.653603,10.758002,TTQ-TU 114 TU,103,,1,No,False
3448,QBT 153,Phòng khám Đa khoa Thành An,Ô sơn,Quận Bình Tân,Phường Tân Tạo,1689,Tỉnh lộ 10,No,Đang khai thác,106.577055,10.759117,PkDkTA 1689 Tl10,,"73, 81",2,No,False
1152,Q12 127,Trung tâm Văn hóa Quận 12,Nhà chờ,Quận 12,,Trung tâm văn hóa Quận 12,Quốc lộ 22,No,Đang khai thác,106.607863,10.85466,TtVhQ12 TtvhQ12 Ql22,74,,1,No,False
3156,QTP 069,Trạm Đường CN 13,Nhà chờ,Quận Tân Phú,Phường Sơn Kỳ,473,Lê Trọng Tấn,No,Đang khai thác,106.613106,10.809837,TDC13 473 LTT,,69,1,No,False
3128,HBC 207,Đình Chánh An Phú,Ô sơn,Huyện Bình Chánh,,A6/183,Quốc lộ 50,No,Đang khai thác,106.650681,10.677899,DCAP A Ql50,,47,1,No,False
7858,QBTH 164,Đường số 8,Trụ dừng,Quận Bình Thạnh,Phường 01,208-210,Chu Văn An,Có,Chưa khai thác,106.706242,10.81091,Ds8 208-210 CVA,161,,1,No,True
1303,HHM 030,Ngã tư Hóc Môn,Trụ dừng,Huyện Hóc Môn,Thị trấn Hóc Môn,53/1 (số cũ 206),Quốc lộ 22,No,Đang khai thác,106.586732,10.884615,NtHM 53/1(c206) Ql22,74,,1,No,False
3733,HBC 358,Hưng Nhơn,Trụ dừng,Huyện Bình Chánh,,Kế 100A,Nguyễn Cửu Phú,No,Đang khai thác,106.581582,10.717812,HN K100A NCP,73,,1,No,False
3274,Q9 046,Cổng Đình,Trụ dừng,TP. Thủ Đức - KV2,,7,Đình Phong Phú,No,Đang khai thác,106.781273,10.843785,CD 7 DPP,"57, 99",,2,No,False
192,Q3 052,Chùa Vĩnh Nghiêm,Trụ dừng,Quận 3,Phường 07,321-323,Nam Kỳ Khởi Nghĩa,No,Đang khai thác,106.683022,10.790381,CVN 321-323 NKKN,,4,1,No,False
903,Q10 096,Công viên Lê Thị Riêng,Trụ dừng,Quận 10,,19,Trường Sơn,No,Đang khai thác,106.666237,10.785224,CvLTR 19 TS,103,,1,No,False
7638,QTD 263,Nhà Khách ĐHQG,Nhà chờ,TP. Thủ Đức - KV3,Phường Linh Trung,Đối diện nhà khách ĐHQG (CX353-355),Nguyễn Du,Có,Đang khai thác,106.795558,10.880864,NKD DdnkD( ND,99,,1,No,True
3915,HBC 326,Bãi tập xe Trường Cao đẳng Giao thông vận tải 3,Trụ dừng,Huyện Bình Chánh,Xã Bình Lợi,Đ/d D5/589 (Đối diện D5/595),"Vườn Thơm, Bình Chánh",No,Đang khai thác,106.511899,10.782695,BtxTCdGtvt3 DD(dD VTBC,,81,1,No,False
988,QGV 183,Công ty 32,Trụ dừng,Quận Gò Vấp,,67,Quang Trung,No,Đang khai thác,106.676688,10.827468,Ct32 67 QT,,103,1,No,False
691,HBC 241,Minh Quân,Trụ dừng,Huyện Bình Chánh,,B17/20 (D17/20),Hương Lộ 11,No,Đang khai thác,106.595128,10.66016,MQ B( HL11,,9,1,No,False
7915,TPTĐ 047,The Estella,Trụ dừng,TP. Thủ Đức - KV1,Phường An Phú,The Estella,Đường số 25,Có,Đang khai thác,106.748552,10.800769,TE TE Ds25,,153,1,No,True
1893,QBT 059,Hương lộ 2,Ô sơn,Quận Bình Tân,,1069,Quốc lộ 1A,No,Đang khai thác,106.591965,10.772055,Hl2 1069 Ql1A,151,,1,No,False
8007,TPTĐ 137,Chung cư Vista Verde,Trụ dừng,TP. Thủ Đức - KV1,Phường Thạnh Mỹ Lợi,Tòa Orchid - Chung cư Vista Verde,Trương Văn Bang,Có,Đang khai thác,106.755838,10.775898,CcVV TO-CcVV TVB,99,,1,No,True
878,HBC 011,Chung cư Conic,Trụ dừng,Huyện Bình Chánh,,Cột đèn 184,Nguyễn Văn Linh,No,Đang khai thác,106.64227,10.709506,CcC Cd184 NVL,102,,1,No,False
3697,Q9 136,phim trường,Trụ dừng,TP. Thủ Đức - KV2,Phường Long Phước,Đối diện 168,Long Thuận,No,Đang khai thác,106.846359,10.81146,pt Dd168 LT,76,88,2,Yes,False
7821,Q7 198,Khu chế xuất Tân Thuận,Trụ dừng,Quận 7,Phường Bình Thuận,KCX Tân Thuận,Nguyễn Văn Linh,Có,Đang khai thác,106.726255,10.752672,KcxTT KTT NVL,,20,1,No,True
7534,QBT 297,Đường Tên Lửa,Trụ dừng,Quận Bình Tân,Phường Bình Trị Đông B,339-341,Đường số 1,Có,Đang khai thác,106.611124,10.747507,DTL 339-341 Ds1,41,,1,No,True
7870,TPTĐ 001,Công viên Bờ Sông Sài Gòn-Thảo Điền,Nhà chờ,TP. Thủ Đức - KV1,Phường Thảo Điền,Đối diện Công viên Bờ Sông Sài Gòn-Thảo Điền,Nguyễn Văn Hưởng,Có,Đang khai thác,106.72854,10.801637,CvBSSGD DdCvBSSGD NVH,153,,1,No,True
19,Q5 097,Trần Bình Trọng,Trụ dừng,Quận 5,,813,Trần Hưng Đạo,No,Đang khai thác,106.680041,10.754912,TBT 813 THD,,1,1,No,False
3121,HBC 199,Bệnh viện Tâm thần Bình Minh,Trụ dừng,Huyện Bình Chánh,Xã Quy Đức,A11/32A,Quốc lộ 50,No,Đang khai thác,106.656024,10.648282,BvTtBM A Ql50,,47,1,No,False
3188,QTD 228,Đường Tam Bình,Trụ dừng,TP. Thủ Đức - KV3,Phường Hiệp Bình Chánh,173,Hiệp Bình,No,Đang khai thác,106.728932,10.844887,DTB 173 HB,,57,1,No,False
8121,TPTĐ 232,Chung cư Flora Anh Đào,Trụ dừng,TP. Thủ Đức - KV2,Phường Phước Long B,7-9,Đường D3,No,Đang khai thác,106.778387,10.806171,CcFAD 7-9 DD,29,,1,No,False
3637,HHM 036,Cây xăng Hoàng Anh 2,Trụ dừng,Huyện Hóc Môn,Xã Tân Hiệp,428,Quốc lộ 22,No,Đang khai thác,106.572071,10.905691,CxHA2 428 Ql22,74,,1,No,False
3058,QBTH 066,Trường khiếm thính Hy vọng,Trụ dừng,Quận Bình Thạnh,,25,Nguyễn Văn Lạc,No,Đang khai thác,106.709776,10.794836,TktHv 25 NVL,,44,1,No,False
1195,Q4 008,Chùa Anh Linh,Trụ dừng,Quận 4,,160-162,Hoàng Diệu,No,Đang khai thác,106.703183,10.76308,CAL 160-162 HD,,44,1,No,False
3406,Q12 141,Ngân hàng ACB,Trụ dừng,Quận 12,,90A,Nguyễn Văn Quá,No,Đang khai thác,106.627148,10.829908,NhA 90A NVQ,62,,1,No,False
3045,QBTH 025,Chợ Bình Quới,Trụ dừng,Quận Bình Thạnh,,357,Bình Quới,No,Đang khai thác,106.735913,10.826511,CBQ 357 BQ,,44,1,No,False
870,HBC 002,Cầu Ông Bé,Trụ dừng,Huyện Bình Chánh,,Trụ điện  T NVL 14,Nguyễn Văn Linh,No,Đang khai thác,106.683946,10.728575,COB TdTN14 NVL,102,,1,No,False
2052,Q12 059,Cầu vượt Quang Trung,Trụ dừng,Quận 12,,170,Tô Ký,No,Đang khai thác,106.632185,10.849823,CvQT 170 TK,62,,1,No,False
1796,QBT 044,Ngã tư An Lạc,Trụ dừng,Quận Bình Tân,Phường An Lạc,551,Hồ Học Lãm,No,Đang khai thác,106.606819,10.728676,NtAL 551 HHL,,151,1,No,False
7074,HNB 130,Cầu Bảng 2,Trụ dừng,Huyện Nhà Bè,Thị trấn Nhà Bè,Trụ đèn 50,Nguyễn Hữu Thọ,Có,Đang khai thác,106.719368,10.690593,CB2 Td50 NHT,,72,1,No,True
1970,QTP 086,Trường Tiểu Học Tân Quý,Trụ dừng,Quận Tân Phú,Phường Tân Qúy,545,Tân Kỳ Tân Quý,No,Đang khai thác,106.61688,10.79844,TTHTQ 545 TKTQ,69,,1,No,False
3384,QTD 136,Nhà hàng tiệc cưới Phố Đôi,Trụ dừng,TP. Thủ Đức - KV3,,7/16,Kha Vạn Cân,No,Tạm ngưng khai thác,106.762476,10.867778,NhtcPD 7/16 KVC,,93,1,No,False
3453,QBT 165,Da sà cũ,Trụ dừng,Quận Bình Tân,,481,"Tỉnh lộ 10,Tân Tạo, Hồ Chí Minh, Việt Nam",No,Đang khai thác,106.618967,10.757267,"Dsc 481 Tl10,TanTHCMVN",,81,1,No,False
4217,Q6 066,Bệnh viện Quận 6,Trụ dừng,Quận 6,,256B-256C,Nguyễn Văn Luông,No,Đang khai thác,106.635157,10.747096,BvQ6 256B-256C NVL,,61,1,No,False
7276,Q1 190,Tôn Thất Tùng,Trụ dừng,Quận 1,Phường Phạm Ngũ Lão,277-279-275Y,Phạm Ngũ Lão,Có,Đang khai thác,106.690941,10.76767,TTT 277-279-275Y PNL,"4, 20, 65, 69, 72, 88, 93, 102",,8,No,True
1519,Q9 067,Ngã 3 Long Trường,Trụ dừng,TP. Thủ Đức - KV2,,766 (487),Lã Xuân Oai,No,Đang khai thác,106.816962,10.806007,N3LT 766( LXO,,141,1,No,False
3343,HBC 070,Gia Hưng,Trụ dừng,Huyện Bình Chánh,Xã Lê Minh Xuân,Cột điện T238T (Gia Hưng),Trần Đại Nghĩa,No,Đang khai thác,106.543458,10.741984,GH CdT(H TDN,,61,1,No,False
2571,Q1 112,Tòa án nhân dân Q1,Trụ dừng,Quận 1,,3B,Lý Tự Trọng,No,Đang khai thác,106.705338,10.782521,TandQ 3B LTT,44,,1,No,False
641,HBC 368,Văn phòng Ấp 5,Trụ dừng,Huyện Bình Chánh,Thị trấn Tân Túc,C11/12,Quốc lộ 1A,No,Đang khai thác,106.588969,10.681494,VpA5 C Ql1A,9,,1,No,False
1249,Q7 078,Ngã 3 Tân Quy,Trụ dừng,Quận 7,Phường Tân Hưng,458B,Nguyễn Hữu Thọ,No,Đang khai thác,106.701708,10.744229,N3TQ 458B NHT,,72,1,No,False
2729,QGV 002,Vincom Plaza,Trụ dừng,Quận Gò Vấp,,12,Phan Văn Trị,No,Đang khai thác,106.688409,10.827184,VP 12 PVT,"146, 161",,2,No,False
4095,Q9 247,Trường cao đẳng Công Thương,Trụ dừng,TP. Thủ Đức - KV2,Phường Phước Long B,Trường cao đẳng Công Thương,Tăng Nhơn Phú,No,Đang khai thác,106.774632,10.830419,TcdCT TcdCT TNP,99,,1,No,False
3333,HBC 047,Thiên Thành ,Trụ dừng,Huyện Bình Chánh,,B19/405K,Trần Đại Nghĩa,No,Đang khai thác,106.565108,10.733203,TT B TDN,61,,1,No,False
2127,Q7 010,Phú Thuận,Trụ dừng,Quận 7,Phường Tân Phú,748,Huỳnh Tấn Phát,No,Đang khai thác,106.731652,10.731337,PT 748 HTP,20,,1,No,False
1500,QTD 052,Chợ Thủ Đức,Trụ dừng,TP. Thủ Đức - KV3,,13,Tô Ngọc Vân,No,Đang khai thác,106.75428,10.851198,CTD 13 TNV,,"29, 141",2,No,False
7249,Q12 202,UBND Quận 12,Trụ dừng,Quận 12,Phường An Phú Đông,A101-A100,Lê Thị Riêng,Có,Đang khai thác,106.654839,10.863277,UQ12 A LTR,146,,1,No,True
3704,Q9 117,Lò Lu,Trụ dừng,TP. Thủ Đức - KV2,,Cột điện PB 28,Lò Lu,No,Đang khai thác,106.828857,10.825013,LL CdP28 LL,76,,1,No,False
855,Q4 027,Bưu Điện Quận 4,Trụ dừng,Quận 4,,136-138,Nguyễn Tất Thành,No,Đang khai thác,106.70763,10.76385,BDQ4 136-138 NTT,"20, 102",,2,No,False
3474,HBC 288,Kênh A,Ô sơn,Huyện Bình Chánh,Xã Phạm Văn Hai,Cafe 94 (2A/94),Tỉnh lộ 10 Bình Chánh,No,Đang khai thác,106.533437,10.780034,KA C94( Tl10BC,81,,1,No,False
3201,BX 32,Chợ Phước Bình,Bến xe,TP. Thủ Đức - KV2,,ĐẦU BẾN TRƯỜNG TC NGHỀ TPHCM CƠ SỞ 3,Đại Lộ 3,No,Đang khai thác,106.770912,10.812699,CPB DBTTNTCS3 DL3,57,57,2,Yes,False
2777,Q12 080,Trạm điện Hóc Môn,Trụ dừng,Quận 12,,1956,Quốc lộ 1A,No,Đang khai thác,106.640918,10.857668,TdHM 1956 Ql1A,,62,1,No,False
4061,Q2 061,Nhà thiếu nhi Quận 2,Trụ dừng,TP. Thủ Đức - KV1,,201,Nguyễn Duy Trinh,No,Đang khai thác,106.761909,10.787904,NtnQ2 201 NDT,,"88, 153",2,No,False
7159,Q9 281,Trạm Hutech - Khu Công nghệ cao,Nhà chờ,TP. Thủ Đức - KV2,Phường Hiệp Phú,Trước Trung tâm Đào tạo NL CLC Hutech,Song hành phải Xa Lộ Hà Nội,Có,Đang khai thác,106.785523,10.856191,TH-KCnc TTtDtNCH ShpXLHN,"6, 76",,2,No,True
8,BX14,Bến xe buýt Chợ Lớn,Bến xe,Quận 5,,GA HKXB CHO LON,Lê Quang Sung,No,Đang khai thác,106.652565,10.751253,BxbCL GHCL LQS,"1, 6, 9, 47, 81","1, 6, 9, 47, 81",10,Yes,False
3139,HBC 217,Văn phòng Ấp 3,Ô sơn,Huyện Bình Chánh,Xã Bình Hưng,B13/118,Quốc lộ 50,No,Đang khai thác,106.655686,10.71552,VpA3 B Ql50,,47,1,No,False
1556,QTD 034,Khu Công nghiệp Đồng an,Ô sơn,TP. Thủ Đức - KV3,,7/2,Tỉnh lộ 43,No,Đang khai thác,106.721674,10.893744,KCnDa 7/2 Tl43,141,,1,No,False
2243,HBC 396,Trung tâm văn hóa huyện Bình Chánh,Trụ dừng,Huyện Bình Chánh,,Cột điện T15L (Trung tâm TDTT Bình Chánh),Nguyễn Hữu Trí,No,Đang khai thác,106.590192,10.695801,TtvhhBC CdT(tTBC NHT,,84,1,No,False
2959,QBTH 011,Chùa Bửu Liên,Trụ dừng,Quận Bình Thạnh,,256 (572),Xô Viết Nghệ Tĩnh,No,Đang khai thác,106.713719,10.810807,CBL 256( XVNT,44,,1,No,False
586,QTD 157,Ngã tư Bình Triệu,Trụ dừng,TP. Thủ Đức - KV3,Phường Hiệp Bình Chánh,599,Phạm Văn Đồng,No,Đang khai thác,106.715848,10.826557,NtBT 599 PVD,,93,1,No,False
1131,HNB 047,Hàng Tre,Trụ dừng,Huyện Nhà Bè,,137,Nguyễn Văn Tạo,No,Đang khai thác,106.726213,10.663465,HT 137 NVT,,72,1,No,False
1654,QBTH 118,Chợ Phan Văn Trị,Trụ dừng,Quận Bình Thạnh,,186B,Phan Văn Trị,No,Đang khai thác,106.695335,10.812493,CPVT 186B PVT,161,,1,No,False
3633,HNB 103,Hoàng Anh Gia Lai 3,Ô sơn,Huyện Nhà Bè,Xã Phước Kiển,Đối diện Hoàng Anh Gia Lai 3,Nguyễn Hữu Thọ,No,Đang khai thác,106.701981,10.719842,HAGL3 DdHAGL3 NHT,,72,1,No,False
3481,QTP 042,Trạm Phạm Văn Xảo,Trụ dừng,Quận Tân Phú,Phường Phú Thọ Hoà,320,Vườn Lài,No,Đang khai thác,106.623725,10.788317,TPVX 320 VL,69,,1,No,False
4058,Q2 056,Trường Nguyễn Văn Trỗi,Trụ dừng,TP. Thủ Đức - KV1,,885/15 (Đối diện 618),Nguyễn Duy Trinh,No,Đang khai thác,106.777557,10.788671,TNVT 885/15(d618) NDT,,"29, 88, 153",3,No,False
4320,QTP 207,Ủy Ban nhân dân quận Tân Phú,Trụ dừng,Quận Tân Phú,,564,Lũy Bán Bích,No,Đang khai thác,106.636605,10.78505,?BndqTP 564 LBB,69,,1,No,False
1121,HNB 058,Công an xã Hiệp Phước,Trụ dừng,Huyện Nhà Bè,,1244 (Cửa sắt Ba Thủy),Nguyễn Văn Tạo,No,Đang khai thác,106.739157,10.617645,CaxHP 1244(sBT NVT,,72,1,No,False
3289,HBC 280,Võ Văn Vân,Trụ dừng,Huyện Bình Chánh,Xã Phạm Văn Hai,1A7,Trần Văn Giàu,No,Đang khai thác,106.566911,10.763386,VVV 1A7 TVG,"73, 81",,2,No,False
4114,Q9 010,UBND Phường Phước Long B,Trụ dừng,TP. Thủ Đức - KV2,,Đối diện UBND phường Phước Long B,Đỗ Xuân Hợp,No,Đang khai thác,106.768768,10.826657,UPPLB DdUpPLB DXH,,"29, 99",2,No,False
497,QTD 073,Trường ĐHSP Kỹ Thuật,Trụ dừng,TP. Thủ Đức - KV3,Phường Bình Thọ,366-368,Võ Văn Ngân,No,Đang khai thác,106.771917,10.849597,TDKT 366-368 VVN,6,"57, 141",3,Yes,False
3942,HBC 406,Phước Hưng,Trụ dừng,Huyện Bình Chánh,Thị trấn Tân Túc,Chiếu sáng 86 (Điện lực Bình Chánh),Nguyễn Hữu Trí,No,Đang khai thác,106.562973,10.688284,PH Cs86(lBC NHT,84,,1,No,False
1129,HNB 051,Công ty may Đại Sơn,Trụ dừng,Huyện Nhà Bè,,617,Nguyễn Văn Tạo,No,Đang khai thác,106.731384,10.64717,CtmDS 617 NVT,,72,1,No,False
155,Q11 015,Phú Thọ,Nhà chờ,Quận 11,,957,Đường 3/2,No,Đang khai thác,106.657881,10.762574,PT 957 D3/2,103,,1,No,False
2142,QTD 184,Trung tâm kho vận Linh Xuân,Nhà chờ,TP. Thủ Đức - KV3,Phường Linh Xuân,Trung tâm kho vận Linh Xuân,Quốc lộ 1,No,Đang khai thác,106.774932,10.870254,TtkvLX TtkvLX Ql1,,93,1,No,False
8189,TPTĐ 265,Chung Cư The Eastern,Trụ dừng,TP. Thủ Đức - KV2,Phường Phú Hữu,Đối diện Chung cư Eastern (KẾ 606),Liên Phường,Có,Đang khai thác,106.797591,10.804243,CCTE DdCcE(606) LP,153,,1,No,True
2202,QTB 074,Siêu thị Big C,Nhà chờ,Quận Tân Bình,,680,Trường Chinh,No,Đang khai thác,106.635184,10.806202,StBC 680 TC,"62, 65",,2,No,False
3906,HBC 317,Trầm lầy 1,Trụ dừng,Huyện Bình Chánh,Xã Bình Lợi,Đối diện C3/79,"Vườn Thơm, Bình Chánh",No,Đang khai thác,106.477776,10.750131,Tl1 DdC VTBC,,81,1,No,False
4771,Q6 021,Vành Đai,Ô sơn,Quận 6,Phường 10,72-74,Vành Đai,Có,Đang khai thác,106.62526,10.732149,VD 72-74 VD,61,,1,No,True
252,QPN 049,Trung tâm văn hóa Quận Phú Nhuận,Trụ dừng,Quận Phú Nhuận,,68,Nguyễn Văn Trỗi,No,Đang khai thác,106.676093,10.795421,TtvhQPN 68 NVT,4,,1,No,False
496,BX 20,Bến xe buýt Quận 8,Bến xe,Quận 8,,BẾN XE BUÝT QUẬN 8,Quốc lộ 50,No,Đang khai thác,106.656357,10.733545,BxbQ8 BXBQ8 Ql50,62,62,2,Yes,False
990,QTB 160,Công ty Satsco,Nhà chờ,Quận Tân Bình,,Công ty Satsco,Bạch Đằng,No,Đang khai thác,106.666346,10.814137,CtS CtS BD,,103,1,No,False
1156,HHM 024,Ngã 3 Củ Cải,Trụ dừng,Huyện Hóc Môn,,42/1 (62/1A),Quốc lộ 22,No,Đang khai thác,106.602697,10.862014,N3CC 42/1( Ql22,74,,1,No,False
247,Q3 048,Viện Pasteur,Nhà chờ,Quận 3,,252 (Đối diện 175),Nam Kỳ Khởi Nghĩa,No,Đang khai thác,106.688683,10.785577,VP 252(d175) NKKN,4,,1,No,False
1494,QTD 046,Chùa Vạn Hạnh,Trụ dừng,TP. Thủ Đức - KV3,Phường Tam Phú,571-573 (583),Tô Ngọc Vân,No,Đang khai thác,106.741839,10.864554,CVH 571-573( TNV,,"29, 141",2,No,False
1900,QBT 066,Trạm cân số 1,Ô sơn,Quận Bình Tân,Phường Bình Hưng Hòa,497,Quốc lộ 1A,No,Đang khai thác,106.598716,10.804131,Tcs1 497 Ql1A,151,,1,No,False
4758,HHM 038,Cầu An Hạ,Trụ dừng,Huyện Hóc Môn,Xã Tân Hiệp,Đối diện Giáo xứ Tân Thịnh,Quốc lộ 22,No,Đang khai thác,106.564102,10.916901,CAH DdGxTT Ql22,74,,1,No,False
3740,QBT 172,Trạm y tế phường Tân Tạo,Ô sơn,Quận Bình Tân,,4430,Nguyễn Cửu Phú,No,Đang khai thác,106.586604,10.755644,TytpTT 4430 NCP,73,,1,No,False
1671,Q12 004,UBND Phường Thới An,Trụ dừng,Quận 12,,UBND Phường Thới An,Lê Văn Khương,No,Đang khai thác,106.649185,10.875195,UPTA UPTA LVK,62,,1,No,False
2713,QTB 070,Ngã ba Bình Giã,Trụ dừng,Quận Tân Bình,,298,Trường Chinh,No,Đang khai thác,106.644453,10.797792,NbBG 298 TC,65,,1,No,False
2656,QTP 078,Trạm Đường Số 27,Trụ dừng,Quận Tân Phú,Phường Sơn Kỳ,216,Tân Kỳ Tân Quý,No,Đang khai thác,106.628487,10.802817,TDS27 216 TKTQ,,"41, 69",2,No,False
2532,Q2 032,Khu Dân Cư Phố Đông,Trụ dừng,TP. Thủ Đức - KV1,,918,Nguyễn Thị Định,No,Đang khai thác,106.778081,10.767412,KDCPD 918 NTD,,29,1,No,False
4003,Q9 175,Trường Hoa Hồng Đỏ,Trụ dừng,TP. Thủ Đức - KV2,Phường Phú Hữu,816-816A,Nguyễn Duy Trinh,No,Đang khai thác,106.794258,10.791008,THHD 816-816A NDT,88,,1,No,False
184,QTB 125,Siêu thị Maximart Cộng Hòa,Nhà chờ,Quận Tân Bình,,Đối diện 58 (Siêu thị Maximart),Cộng Hòa,No,Đang khai thác,106.658819,10.800833,StMCH Dd58(tM CH,,4,1,No,False
848,Q4 031,Cảng Sài Gòn,Nhà chờ,Quận 4,,Đối diện 466,Nguyễn Tất Thành,No,Đang khai thác,106.7155,10.758443,CSG Dd466 NTT,,"20, 102",2,No,False
3652,HCC 040,xóm Huế,Trụ dừng,Huyện Củ Chi,Xã Tân Thông Hội,457,Quốc lộ 22,No,Đang khai thác,106.49735,10.963449,xH 457 Ql22,,74,1,No,False
22,Q1 132,Tổng Cty Samco,Nhà chờ,Quận 1,,393 bis,Trần Hưng Đạo,No,Đang khai thác,106.688254,10.759734,TCS 393b THD,,1,1,No,False
1529,Q9 081,Dốc xóm Bến,Trụ dừng,TP. Thủ Đức - KV2,,Quán Nhà Quê,Lã Xuân Oai,No,Đang khai thác,106.799362,10.836525,DxB QNQ LXO,"76, 141",,2,No,False
3732,HBC 356,Trạm xăng Lai Lai,Trụ dừng,Huyện Bình Chánh,,Kế A2/26 (D17/24A),Nguyễn Cửu Phú,No,Đang khai thác,106.580724,10.707935,TxLL KA( NCP,73,,1,No,False
1569,Q11 046,Bãi xe buýt Đầm Sen,Nhà chờ,Quận 11,,7B (Bến xe buýt Đầm Sen),Hòa Bình,No,Đang khai thác,106.639776,10.767929,BxbDS 7B(xbDS HB,,"62, 69",2,No,False
2131,Q7 014,Mầm non Ban Mai,Trụ dừng,Quận 7,Phường Phú Mỹ,1004A,Huỳnh Tấn Phát,No,Đang khai thác,106.735412,10.722836,MnBM 1004A HTP,20,,1,No,False
8113,HBC 476,TT Y TẾ HUYỆN BÌNH CHÁNH,Trụ dừng,Huyện Bình Chánh,Thị trấn Tân Túc,Bệnh Viện Bình Chánh,Tân Túc,Có,Đang khai thác,106.5848,10.69134,TYTHBC BVBC TT,"73, 84",84,3,Yes,True
3327,QBT 181,Đường số 5B,Trụ dừng,Quận Bình Tân,,258,Trần Đại Nghĩa,No,Đang khai thác,106.583261,10.729081,Ds5B 258 TDN,61,,1,No,False
730,QBTH 063,Cầu Điện Biên Phủ,Trụ dừng,Quận Bình Thạnh,,84,Điện Biên Phủ,No,Đang khai thác,106.702518,10.795115,CDBP 84 DBP,93,,1,No,False
1809,QBT 256,Bệnh viện Đa khoa Bình Tân,Trụ dừng,Quận Bình Tân,Phường Bình Trị Đông A,167 ,Lê Văn Qưới,No,Đang khai thác,106.613216,10.776023,BvDkBT 167 LVQ,41,,1,No,False
8010,TPTĐ 140,Trụ sở Khu phố Tam Đa,Nhà chờ,TP. Thủ Đức - KV2,Phường Trường Thạnh,đối diện Trụ sở Khu phố Tam Đa,Tam Đa,Có,Đang khai thác,106.835781,10.806509,TsKpTD ddTsKpTD TD,141,,1,No,True
2381,QBT 157,Ngã 4 Bà Hom,Trụ dừng,Quận Bình Tân,,1209,"Tỉnh lộ 10,Tân Tạo, Hồ Chí Minh, Việt Nam",No,Đang khai thác,106.594656,10.755692,"N4BH 1209 Tl10,TanTHCMVN",,81,1,No,False
3028,HBC 181,Trịnh Quang Nghị,Trụ dừng,Huyện Bình Chánh,,D10/281,Quốc lộ 50,No,Đang khai thác,106.654946,10.692511,TQN D Ql50,47,,1,No,False
2563,Q3 015,Công an Quận 3,Nhà chờ,Quận 3,,243,Cách Mạng Tháng Tám,Có,Đang khai thác,106.68246,10.777219,CaQ3 243 CMTT,,65,1,No,True
2177,HNB 019,Ủy ban xã Phú Xuân,Nhà chờ,Huyện Nhà Bè,Xã Phú Xuân,2461,Huỳnh Tấn Phát,No,Đang khai thác,106.754354,10.678115,?bxPX 2461 HTP,,20,1,No,False
907,QTB 055,Ngã ba Bành Văn Trân,Biển treo,Quận Tân Bình,,814,Cách Mạng Tháng Tám,No,Đang khai thác,106.661453,10.788692,NbBVT 814 CMTT,"65, 103",,2,No,False
3644,HCC 011,Trường Mầm non Tân Thông Hội 1,Trụ dừng,Huyện Củ Chi,Xã Tân Thông Hội,206,Quốc lộ 22,No,Đang khai thác,106.516228,10.952821,TMnTTH1 206 Ql22,74,,1,No,False
2840,Q10 068,Nhà thờ Đồng Tiến,Nhà chờ,Quận 10,,Đối diện 52,Thành Thái,No,Đang khai thác,106.665863,10.770474,NtDT Dd52 TT,,69,1,No,False
1157,HHM 028,Ngã tư Giếng Nước,Trụ dừng,Huyện Hóc Môn,Xã Tân Xuân,3/88C,Quốc lộ 22,No,Đang khai thác,106.591748,10.877482,NtGN 3/88C Ql22,74,,1,No,False
842,Q7 101,Cầu Lý Phục Man,Trụ dừng,Quận 7,,Đối diện 404,Nguyễn Văn Linh,No,Đang khai thác,106.721862,10.742031,CLPM Dd404 NVL,,102,1,No,False
3306,HBC 130,Công ty Đại Vĩnh Lợi,Trụ dừng,Huyện Bình Chánh,,Cột điện 48AT2 (G15/2A),Láng Le bàu Cò,No,Đang khai thác,106.54261,10.752703,CtDVL Cd48AT2( LLbC,,73,1,No,False
7881,TPTĐ 013,Nhà Văn Hóa Thảo Điền,Nhà chờ,TP. Thủ Đức - KV1,Phường Thảo Điền,Đầu hẻm 76,Nguyễn Văn Hưởng,Có,Đang khai thác,106.732463,10.809173,NVHTD Dh76 NVH,,153,1,No,True
4752,HHM 032,Ngã ba Lam Sơn,Nhà chờ,Huyện Hóc Môn,Xã Tân Thới Nhì,kế 30F,Quốc lộ 22,No,Đang khai thác,106.580742,10.893147,NbLS k30F Ql22,74,,1,No,False
7628,QTD 265,Viện Tài nguyên môi trường,Nhà chờ,TP. Thủ Đức - KV3,Phường Linh Trung,Đối diện Viện Tài nguyên môi trường,Trục chính số 7,Có,Đang khai thác,106.787013,10.879984,VTnmt DdVTnmt Tcs7,99,,1,No,True
1939,QBT 081,Thiên Phúc Học,Nhà chờ,Quận Bình Tân,Phường Bình Hưng Hoà B,734 (kế 738),Quốc lộ 1A,No,Đang khai thác,106.593697,10.781952,TPH 734(738) Ql1A,,151,1,No,False
682,HBC 234,Trạm y tế xã Hưng Long,Trụ dừng,Huyện Bình Chánh,,Trạm y tế xã Hưng Long,Hương Lộ 11,No,Đang khai thác,106.616789,10.654008,TytxHL TytxHL HL11,,9,1,No,False
2984,Q2 013,Đình Bình Khánh,Trụ dừng,TP. Thủ Đức - KV1,,16/2,Lương Định Của,No,Đang khai thác,106.73295,10.78709,DBK 16/2 LDC,,88,1,No,False
2855,Q11 050,Nhà thi đấu Phú Thọ,Trụ dừng,Quận 11,,14-16,Lữ Gia,No,Đang khai thác,106.656738,10.770645,NtdPT 14-16 LG,69,,1,No,False
412,QTD 082,Ngã 4 Tây Hòa (RMK),Nhà chờ,TP. Thủ Đức - KV3,Phường Trường Thọ,Nhà máy thép Thủ Đức,Võ Nguyên Giáp,No,Đang khai thác,106.759998,10.825366,N4TH( NmtTD VNG,,"6, 99",2,No,False
3377,Q9 101,Công Ty FILIED,Ô sơn,TP. Thủ Đức - KV2,Phường Long Thạnh Mỹ,Đối diện công ty Filied,Lê Văn Việt,No,Đang khai thác,106.807355,10.848738,CTF DdctF LVV,,99,1,No,False
927,QGV 143,Câu lạc bộ Tenis,Trụ dừng,Quận Gò Vấp,,322,Lê Văn Thọ,No,Đang khai thác,106.657076,10.846104,ClbT 322 LVT,103,,1,No,False
3577,QTPT220,Đình Hòa Thạnh,Trụ dừng,Quận Tân Phú,Phường Phú Thạnh,531,Lũy Bán Bích,No,Đang khai thác,106.634159,10.777061,DHT 531 LBB,,"62, 69",2,No,False
3692,BX26,Hẻm 813 Long Phước,Bến xe,TP. Thủ Đức - KV2,,ĐẦU BẾN HẺM 813 LONG PHƯỚC,Long Thuận,No,Đang khai thác,106.860107,10.789044,H813LP DBH813LP LT,76,76,2,Yes,False
3044,QBTH 023,Nhà hàng Hàn Quốc,Ô sơn,Quận Bình Thạnh,,401,Bình Quới,No,Đang khai thác,106.739441,10.829586,NhHQ 401 BQ,,44,1,No,False
2474,Q2 039,Chợ Cây Xoài,Trụ dừng,TP. Thủ Đức - KV1,,625-627,Nguyễn Thị Định,No,Đang khai thác,106.767154,10.775828,CCX 625-627 NTD,29,,1,No,False
3442,HBC 299,Công ty Chấn Hưng,Trụ dừng,Huyện Bình Chánh,Xã Lê Minh Xuân,F5/6,Tỉnh lộ 10 Bình Chánh,No,Đang khai thác,106.545657,10.773462,CtCH F Tl10BC,,81,1,No,False
3913,HBC 322,Kênh 6,Trụ dừng,Huyện Bình Chánh,Xã Bình Lợi,Đối diện C9/363,"Vườn Thơm, Bình Chánh",No,Đang khai thác,106.498107,10.765689,K6 DdC VTBC,,81,1,No,False
2447,QBT 022,Nguyễn Thị Tú,Trụ dừng,Quận Bình Tân,Phường Bình Hưng Hòa,810-814,Lê Trọng Tấn,No,Đang khai thác,106.602783,10.815718,NTT 810-814 LTT,,69,1,No,False
33,BX 06,Công Trường Mê Linh,Bến xe,Quận 1,Phường Bến Nghé,Công trường Mê Linh,Thi Sách,No,Đang khai thác,106.705856,10.77679,CTML CtML TS,1,1,2,Yes,False
1793,QBT 090,Công ty Hai Thành,Trụ dừng,Quận Bình Tân,Phường Tân Tạo A,A5/13Q (1054N),Quốc lộ 1A,No,Đang khai thác,106.597519,10.743526,CtHT A( Ql1A,,151,1,No,False
1364,Q7 023,Phạm Hữu Lầu,Trụ dừng,Quận 7,Phường Phú Mỹ,1697-1699,Huỳnh Tấn Phát,No,Đang khai thác,106.737649,10.705547,PHL 1697-1699 HTP,,20,1,No,False
1487,QTD 041,Cây Xăng Bình Chiểu,Trụ dừng,TP. Thủ Đức - KV3,,927-929,Tỉnh lộ 43,No,Đang khai thác,106.731845,10.876154,CXBC 927-929 Tl43,,141,1,No,False
5,Q5 012,Rạp Đại Quang,Nhà chờ,Quận 5,,68,Châu Văn Liêm,No,Đang khai thác,106.658937,10.752566,RDQ 68 CVL,62,1,2,Yes,False
3655,HCC 047,Chùa Pháp Hạnh,Trụ dừng,Huyện Củ Chi,Xã Tân Thông Hội,455A (Đ/d 450),Quốc lộ 22,No,Đang khai thác,106.530776,10.943678,CPH 455A(450) Ql22,,74,1,No,False
3042,LA_2,Hoàng Thái Mart,Ô sơn,Huyện Bình Chánh,,Đối diện 4102 (Đối diện B8/33B6),Quốc lộ 50,No,Đang khai thác,106.658036,10.637843,HTM Dd4102(dB Ql50,47,,1,No,False
2423,QTB 050,Công ty Giấy Mai Lan,Trụ dừng,Quận Tân Bình,,129,Âu Cơ,No,Đang khai thác,106.638982,10.793972,CtGML 129 AC,62,,1,No,False
182,QTB 123,Pico Plaza,Nhà chờ,Quận Tân Bình,,20Bis,Cộng Hòa,No,Đang khai thác,106.653637,10.801254,PP 20Bis CH,,4,1,No,False
3766,Q9 127,Ngã ba Long Phước,Trụ dừng,TP. Thủ Đức - KV2,Phường Long Phước,322-324,Long Thuận,No,Đang khai thác,106.859035,10.811961,NbLP 322-324 LT,88,76,2,Yes,False
2961,QBTH 014,Chung cư Thanh Đa,Nhà chờ,Quận Bình Thạnh,,0011 Lô A,Bình Quới,No,Đang khai thác,106.720762,10.817109,CcTD 0011LA BQ,44,,1,No,False
1522,Q9 085,Trường cấp 3 Long Trường,Trụ dừng,TP. Thủ Đức - KV2,,Kế 23 (Kế 417),Lã Xuân Oai,No,Đang khai thác,106.810913,10.817091,Tc3LT K23(417) LXO,141,,1,No,False
2556,QTP 108,Café Suối Reo,Trụ dừng,Quận Tân Phú,Phường Tân Qúy,43,Tân Hương,No,Đang khai thác,106.628273,10.790343,CSR 43 TH,41,,1,No,False
8089,TPTĐ 219,Ga metro Rạch Chiếc,Nhà chờ,TP. Thủ Đức - KV1,Phường An Phú,Cạnh đại lý Phú Mỹ Ford Chi nhánh An Phú (507C Xa Lộ Hà Nội),Song Hành trái Xa Lộ Hà Nội,Có,Đang khai thác,106.755418,10.809318,GmRC CdlPMFCnAP(XLHN SHtXLHN,,99,1,No,True
692,HBC 244,Chùa Liên Hoa,Trụ dừng,Huyện Bình Chánh,,Đ/d 3/14B (Chùa Liên Hoa),Hương lộ 11,No,Đang khai thác,106.586035,10.656206,CLH D3/14B(LH Hl11,,9,1,No,False
3658,HCC 052,Chợ chiều Tân Phú Trung,Trụ dừng,Huyện Củ Chi,Xã Tân Phú Trung,85C,Quốc lộ 22,No,Đang khai thác,106.552808,10.931917,CcTPT 85C Ql22,,74,1,No,False
710,QBT 005,Lâm Thành,Trụ dừng,Quận Bình Tân,Phường An Lạc,289(561),Kinh Dương Vương,No,Đang khai thác,106.61298,10.734278,LT 289(561) KDV,102,"9, 61, 84, 151",5,Yes,False
7648,QTD 253,KTX Khu A ĐH Quốc Gia TPHCM,Nhà chờ,TP. Thủ Đức - KV3,Phường Linh Trung,Nút giao Quảng trường (hướng vào),Quảng Trường Sáng Tạo,Có,Đang khai thác,106.804968,10.875886,KKADQGT NgQt(v QTST,99,,1,No,True
4193,Q9 030,Đại lộ 2,Ô sơn,TP. Thủ Đức - KV2,,433-435,Đỗ Xuân Hợp,No,Đang khai thác,106.773269,10.818379,Dl2 433-435 DXH,29,,1,No,False
4068,Q2 059,Lê Văn Thịnh,Trụ dừng,TP. Thủ Đức - KV1,,537-537D,Nguyễn Duy Trinh,No,Đang khai thác,106.770764,10.788639,LVT 537-537D NDT,,"29, 88, 153",3,No,False
2156,HBC 410,Cầu Chợ Đệm,Trụ dừng,Huyện Bình Chánh,Thị trấn Tân Túc,A1/1,Nguyễn Hữu Trí,No,Đang khai thác,106.580885,10.693112,CCD A NHT,"73, 84",,2,No,False
667,HBC 260,Tân Liễu,Trụ dừng,Huyện Bình Chánh,Xã Quy Đức,Cột điện 117P (B1/14B),Hương Lộ 11,No,Đang khai thác,106.632668,10.645615,TL Cd117P( HL11,9,,1,No,False
946,BX37,Bến xe Ngã tư Ga,Bến xe,Quận 12,,Bến xe Ngã Tư Ga,Quốc lộ 1A,No,Đang khai thác,106.67835998535156,10.862156867980955,BxNtG BxNTG Ql1A,"103, 161","103, 161",4,Yes,False
1116,Q12 123,Bến xe An Sương,Trụ dừng,Quận 12,,142,Quốc lộ 22,No,Đang khai thác,106.613361,10.846035,BxAS 142 Ql22,"41, 65, 151",,3,No,False
2929,QBT 263,Bệnh viện Bình Tân,Trụ dừng,Quận Bình Tân,Phường Bình Trị Đông A,Bệnh viện BT,Mã Lò,No,Đang khai thác,106.603798,10.763949,BvBT BvB ML,,41,1,No,False
1524,Q9 082,Ngã tư Samsung,Nhà chờ,TP. Thủ Đức - KV2,,215,Lã Xuân Oai,No,Đang khai thác,106.803707,10.831325,NtS 215 LXO,"76, 141",,2,No,False
868,Q7 092,Đại học RMIT,Trụ dừng,Quận 7,,Trường đại học RMIT,Nguyễn Văn Linh,No,Đang khai thác,106.695061,10.728839,DhR TdhR NVL,102,,1,No,False
7575,Q6 120,Thảo Đường Thiền Tự,Ô sơn,Quận 6,Phường 10,165,Trần Văn Kiểu,Có,Đang khai thác,106.627668,10.740128,TDTT 165 TVK,61,,1,No,True
7069,HNB_127,Làng Đại học Khu B,Ô sơn,Huyện Nhà Bè,Xã Phước Kiển,Đối diện Làng ĐH Khu B,Nguyễn Hữu Thọ,Có,Đang khai thác,106.708714,10.710091,LDhKB DdLDKB NHT,,72,1,No,True
2894,QGV 070,Vòng xoay Nguyễn Huy Điển,Trụ dừng,Quận Gò Vấp,,45,Lê Đức Thọ,No,Tạm ngưng khai thác,106.682466,10.832574,VxNHD 45 LDT,,161,1,No,False
188,QPN 043,Cây xăng Quân khu 7,Trụ dừng,Quận Phú Nhuận,,307,Nguyễn Văn Trỗi,No,Đang khai thác,106.66847,10.799589,CxQk7 307 NVT,,4,1,No,False
382,Q3 071,Bệnh viện Từ Dũ,Trụ dừng,Quận 3,,436,Nguyễn Thị Minh Khai,No,Đang khai thác,106.684883,10.768946,BvTD 436 NTMK,,6,1,No,False
1087,HNB 056,Giáo xứ Tin Mừng,Trụ dừng,Huyện Nhà Bè,,Kế 280 (Cửa sắt Hoàng Cẩn),Nguyễn Văn Tạo,No,Đang khai thác,106.737939,10.622401,GxTM K280(sHC NVT,72,,1,No,False
2090,Q12 031,Công viên Phần mềm Quang Trung,Trụ dừng,Quận 12,,389,Tô Ký,No,Đang khai thác,106.625914,10.853248,CvPmQT 389 TK,,62,1,No,False
1200,Q7 072,ĐH Tôn Đức Thắng,Nhà chờ,Quận 7,Phường Tân Phong,Đối diện 568,Nguyễn Hữu Thọ,No,Đang khai thác,106.700007,10.731416,DTDT Dd568 NHT,72,,1,No,False
275,Q12 132,Chùa Lạc Quang,Nhà chờ,Quận 12,,408,Trường Chinh,No,Đang khai thác,106.620614,10.834781,CLQ 408 TC,"4, 41, 65",,3,No,False
1411,Q10 029,Chợ Phường 10,Trụ dừng,Quận 10,,430,Lý Thái Tổ,No,Đang khai thác,106.673051,10.767865,CP10 430 LTT,69,,1,No,False
3134,HBC 214,Xăng dầu Phong Phú,Trụ dừng,Huyện Bình Chánh,,E10/288,Quốc lộ 50,No,Đang khai thác,106.654957,10.704709,XdPP E Ql50,,47,1,No,False
2047,QGV 185,Ngã Ba Nguyên Hồng,Trụ dừng,Quận Gò Vấp,,566,Lê Quang Định,No,Đang khai thác,106.689,10.817294,NBNH 566 LQD,146,,1,No,False
3422,HBC 367,An Phú Tây,Trụ dừng,Huyện Bình Chánh,Thị trấn Tân Túc,D5/38B (38A),Quốc lộ 1A,No,Đang khai thác,106.593717,10.687614,APT D( Ql1A,9,,1,No,False
585,QTD 154,Chùa An Lạc,Nhà chờ,TP. Thủ Đức - KV3,Phường Hiệp Bình Chánh,Ngã tư Hiệp Bình - PVĐ,Phạm Văn Đồng,Có,Đang khai thác,106.732328,10.837284,CAL NtHB-P PVD,,93,1,No,True
2586,QTP 100,Trạm café Minh Thùy,Trụ dừng,Quận Tân Phú,Phường Tân Qúy,219,Tân Quý,No,Đang khai thác,106.620628,10.792765,TcMT 219 TQ,69,,1,No,False
4017,Q9 164,Trạm y tế,Trụ dừng,TP. Thủ Đức - KV2,,1786 (Đối diện Trạm y tế),Nguyễn Duy Trinh,No,Đang khai thác,106.830009,10.809566,Tyt 1786(dTyt NDT,88,,1,No,False
1144,HNB 023,Ngân hàng Agribank,Nhà chờ,Huyện Nhà Bè,Thị trấn Nhà Bè,18,Huỳnh Tấn Phát,No,Đang khai thác,106.743202,10.687393,NhA 18 HTP,,20,1,No,False
7603,QBT 306,Chung cư Green Town,Nhà chờ,Quận Bình Tân,Phường Bình Hưng Hoà B,Chung cư GreenTown ,Đường số 3,Có,Đang khai thác,106.591871,10.805296,CcGT CcG Ds3,,69,1,No,True
3749,Q9 141,Chung Cư C3,Ô sơn,TP. Thủ Đức - KV2,Phường Tăng Nhơn Phú A,152,Man Thiện,No,Đang khai thác,106.791115,10.853095,CCC 152 MT,,76,1,No,False
1088,BX 71,Cầu Kênh Lộ,Bến xe,Huyện Nhà Bè,Xã Hiệp Phước,Đầu bến kênh lộ,Nguyễn Văn Tạo,No,Đang khai thác,106.742727,10.598307,CKL Dbkl NVT,72,72,2,Yes,False
2775,Q12 078,Cao su Vina,Trụ dừng,Quận 12,,67/3A,Quốc lộ 1A,No,Đang khai thác,106.648536,10.861767,CsV 67/3A Ql1A,,62,1,No,False
3707,Q9 120,Trường Mầm non,Trụ dừng,TP. Thủ Đức - KV2,,Trường mầm non Trường Thạnh,Lò Lu,No,Đang khai thác,106.816083,10.826093,TMn TmnTT LL,76,,1,No,False
3779,QBT 169,Chùa Bình An,Nhà chờ,Quận Bình Tân,,4401-4403,Nguyễn Cửu Phú,No,Đang khai thác,106.584072,10.744571,CBA 4401-4403 NCP,,73,1,No,False
1928,HHM 019,Ngã tư Bà Điểm,Trụ dừng,Huyện Hóc Môn,Xã Bà Điểm,57/7B,Quốc lộ 1A,No,Đang khai thác,106.605804,10.832674,NtBD 57/7B Ql1A,,151,1,No,False
1814,QBT 238,Siêu thị,Trụ dừng,Quận Bình Tân,Phường Bình Trị Đông A,Đ/d 42 (số 53),Lê Văn Qưới,No,Đang khai thác,106.61923,10.774311,St D42(53) LVQ,41,,1,No,False
1006,Q10 090,Trường THPT Nguyễn Du,Trụ dừng,Quận 10,,XX1,Đồng Nai,No,Đang khai thác,106.662399,10.779224,TTND X DN,,103,1,No,False
575,QTD 146,Trạm Cầu ngang,Biển treo,TP. Thủ Đức - KV3,,569,Kha Vạn Cân,No,Đang khai thác,106.751587,10.847199,TCn 569 KVC,57,93,2,Yes,False
2919,QTP 023,Trạm Trường Tiểu Học Lê Lai,Trụ dừng,Quận Tân Phú,Phường Tây Thạnh,237,Tây Thạnh,No,Đang khai thác,106.622345,10.812798,TTTHLL 237 TT,41,,1,No,False
3330,HBC 044,Công ty Phạm Nguyên,Trụ dừng,Huyện Bình Chánh,,Cột điện T104P (Đối diện 611),Trần Đại Nghĩa,No,Đang khai thác,106.575258,10.730926,CtPN CdT(d611) TDN,61,,1,No,False
3721,HBC 075,Đường dẫn Cao tốc,Ô sơn,Huyện Bình Chánh,,C2/17E,Bùi Thanh Khiết,No,Đang khai thác,106.576781,10.684162,DdCt C BTK,73,,1,No,False
7919,TPTĐ 051,Lexington Residence,Trụ dừng,TP. Thủ Đức - KV1,Phường An Phú,Nằm giữa Lexington Residence với Volkswagen An Phú,Mai Chí Thọ,Có,Đang khai thác,106.752434,10.798072,LR NgLRvVAP MCT,153,99,2,Yes,True
923,QGV 158,UBND Quận Gò Vấp,Trụ dừng,Quận Gò Vấp,,328,Quang Trung,No,Đang khai thác,106.669232,10.83103,UQGV 328 QT,103,,1,No,False
3059,QBTH 084,Trường Trung học cơ sở Phú Mỹ,Nhà chờ,Quận Bình Thạnh,,010 Lô A,Ngô Tất Tố,No,Đang khai thác,106.712587,10.792433,TThcsPM 010LA NTT,,44,1,No,False
1403,BX44,Bến xe Miền Đông,Bến xe,Quận Bình Thạnh,,Bến xe Miền Đông,Đinh Bộ Lĩnh,No,Đang khai thác,106.711294,10.814733,BxMD BxMD DBL,146,146,2,Yes,False
627,Q6 044,Vòng xoay Phú Lâm,Trụ dừng,Quận 6,,528,Kinh Dương Vương,No,Đang khai thác,106.633365,10.753346,VxPL 528 KDV,"9, 84",,2,No,False
3720,BX 57,Chợ Bình Chánh,Bến xe,Huyện Bình Chánh,,ĐẦU BẾN CHỢ BÌNH CHÁNH,Quốc lộ 1A,No,Đang khai thác,106.571535,10.665484,CBC DBCBC Ql1A,73,73,2,Yes,False
2950,Q4 038,Trường Chính trị Quận 4,Trụ dừng,Quận 4,,Đối diện 002,Tân Vĩnh,No,Đang khai thác,106.700168,10.759444,TCtQ4 Dd002 TV,44,,1,No,False
3187,BX 74,Trường Trung học Phổ thông Hiệp Bình,Bến xe,TP. Thủ Đức - KV3,,Trường Hiệp Bình,Hiệp Bình,No,Đang khai thác,106.721474,10.84741,TThPtHB THB HB,57,57,2,Yes,False
429,Q5 002,Chợ Bầu Sen,Trụ dừng,Quận 5,,370,An Dương Vương,No,Đang khai thác,106.678764,10.759407,CBS 370 ADV,,6,1,No,False
3388,QTD 133,Phòng khám đa khoa Á Châu,Trụ dừng,TP. Thủ Đức - KV3,Phường Linh Tây,895,Kha Vạn Cân,No,Đang khai thác,106.758603,10.858411,PkdkAC 895 KVC,,93,1,No,False
936,Q12 108,Cầu Bến Cát,Trụ dừng,Quận 12,,973,Quốc lộ 1A,No,Đang khai thác,106.662247,10.861335,CBC 973 Ql1A,103,146,2,Yes,False
2184,Q7 035,Cầu Phú Mỹ,Trụ dừng,Quận 7,Phường Tân Phú,731,Huỳnh Tấn Phát,No,Đang khai thác,106.730681,10.736639,CPM 731 HTP,,20,1,No,False
221,QGV 123,Bệnh Viện 175,Trụ dừng,Quận Gò Vấp,,883-885,Nguyễn Kiệm,No,Đang khai thác,106.678727,10.820044,BV175 883-885 NK,,103,1,No,False
1876,Q1 115,Mạc Đỉnh Chi,Nhà chờ,Quận 1,,102,Nguyễn Đình Chiểu,No,Đang khai thác,106.697861,10.786848,MDC 102 NDC,,93,1,No,False
7860,QBTH 166,Chung cư 1050,Trụ dừng,Quận Bình Thạnh,Phường 12,Đối diện chung cư 1050,Phan Chu Trinh,Có,Chưa khai thác,106.70068,10.815899,Cc1050 Ddcc1050 PCT,161,,1,No,True
2623,QGV 026,Nhà Thờ Hà Nội,Trụ dừng,Quận Gò Vấp,,687,Thống Nhất,No,Đang khai thác,106.665106,10.851082,NTHN 687 TN,,146,1,No,False
812,HBC 023,đường Ấp 2,Trụ dừng,Huyện Bình Chánh,,Cột điện T28P (Cột điện 332),Nguyễn Văn Linh,No,Đang khai thác,106.602321,10.69152,dA2 CdT(d332) NVL,,102,1,No,False
2725,Q1 109,Sở Tài nguyên Môi trường,Nhà chờ,Quận 1,Phường Bến Nghé,63,Lý Tự Trọng,No,Đang khai thác,106.700386,10.777108,STnMt 63 LTT,44,,1,No,False
7278,Q1 192,Trường Emst Thalmann,Nhà chờ,Quận 1,Phường Phạm Ngũ Lão,Trường Emst Thalmann,Phạm Ngũ Lão,Có,Đang khai thác,106.695587,10.769504,TET TET PNL,"4, 20, 65, 69, 93",,5,No,True
3292,HBC 122,Cầu Sập,Trụ dừng,Huyện Bình Chánh,,Đối diện G11/10,Láng Le bàu Cò,No,Đang khai thác,106.550608,10.768487,CS DdG LLbC,73,,1,No,False
3049,QBTH 028,Cư xá Thanh Đa,Trụ dừng,Quận Bình Thạnh,,1027,Bình Quới,No,Đang khai thác,106.728484,10.821391,CxTD 1027 BQ,,44,1,No,False
889,HBC 452,Trạm thu phí Chợ Bình Điền,Ô sơn,Huyện Bình Chánh,,Đối diện công ty bất động sản,Đường vào Chợ ĐM Bình Điền,No,Đang khai thác,106.609359,10.698405,TtpCBD Ddctbds DvCDBD,102,102,2,Yes,False
1304,HHM 037,Công ty thoát nước đô thị,Trụ dừng,Huyện Hóc Môn,Xã Tân Hiệp,200 (Công ty thoát nước đô thị),Quốc lộ 22,No,Đang khai thác,106.567812,10.911664,Cttndt 200(ttndt Ql22,74,,1,No,False
881,HBC 33,Khu đô thị Hạnh Phúc,Trụ dừng,Huyện Bình Chánh,,Cột đèn 156,Nguyễn Văn Linh,No,Đang khai thác,106.649158,10.714903,KdtHP Cd156 NVL,102,,1,No,False
